sample_id,patient_name,dob,sex,enrollment_site,glucose_value,glucose_unit,notes
S0001,A. Nguyen,07/09/1962,Female,Site A,75.4,mg/dL,
S0002,T. Patel,12/16/1974,Male,,120.0,mg/dL,
S0003,R. Martinez,11/24/2053,Female,Site B,84.2,mg/dL,
S0004,B. Smith,12/18/1975,Female,Site B,120.0,mg/dL,
S0005,B. Martinez,12/02/1997,Male,,248.1,mg/dL,
S0006,A. Johnson,12/09/1955,Female,Site B,2544.1,mg/dL,
S0007,T. Martinez,09/04/1969,Unknown,Site A,225.0,mg/dL,
S0008,T. Martinez,06/21/1997,Male,Site A,192.7,mg/dL,
S0009,A. Nguyen,05/11/2018,Female,,221.5,mg/dL,
S0010,A. Martinez,10/01/1951,Female,Site C,215.2,mg/dL,re-draw requested
S0011,K. Garcia,10/16/1997,Male,Site B,1796.4,mg/dL,
S0012,S. Kim,04/21/2008,Unknown,Site B,,mg/dL,re-draw requested
S0013,M. Smith,08/14/2006,Unknown,Site A,224.7,mg/dL,
S0014,K. Patel,07/09/1986,Female,Site B,2410.8,mg/dL,
S0015,B. Smith,06/10/1980,Female,Site B,2717.1,mg/dL,
S0016,B. Smith,07/01/1998,Female,Site C,2027.0,mg/dL,
S0017,T. Smith,10/17/1973,Male,Site C,4490.1,mg/dL,
S0018,A. Johnson,05/30/2002,Unknown,Site B,84.4,mg/dL,re-draw requested
S0019,M. Martinez,07/26/2005,Unknown,Site B,164.1,mg/dL,
S0020,S. Brown,06/15/2017,Male,Site B,249.3,mg/dL,
S0021,B. Patel,02/26/2064,Male,Site C,187.7,mg/dL,
S0022,J. Nguyen,08/09/1959,Male,Site A,199.2,mg/dL,
S0023,A. Garcia,10/28/1974,Male,Site A,184.7,mg/dL,
S0024,B. Garcia,12/30/2011,Male,Site B,3054.1,mg/dL,
S0025,A. Johnson,05/21/1972,Female,Site C,143.1,mg/dL,
S0026,J. Kim,01/30/2016,Unknown,Site C,202.3,mg/dL,
S0027,K. Patel,04/19/1991,Male,Site C,111.0,mg/dL,
S0028,S. Johnson,11/09/1985,Male,,102.1,mg/dL,re-draw requested
S0029,T. Martinez,05/17/2060,Female,Site C,148.5,mg/dL,
S0030,R. Garcia,12/10/1976,Unknown,Site C,123.2,mg/dL,
S0031,J. Martinez,06/07/1986,Male,Site B,211.4,mg/dL,
S0032,J. Garcia,07/23/2009,Female,Site C,112.3,mg/dL,
S0033,K. Martinez,07/14/2056,Unknown,Site B,1891.9,mg/dL,
S0034,B. Kim,07/06/2012,Male,Site C,91.8,mg/dL,
S0035,K. Martinez,04/15/1995,Unknown,Site C,4055.9,mg/dL,
S0036,K. Patel,12/13/1956,Female,,230.7,mg/dL,
S0037,B. Kim,06/09/1998,Unknown,Site C,145.6,mg/dL,
S0038,R. Nguyen,08/05/1987,Unknown,Site B,2836.0,mg/dL,
S0039,K. Lee,12/02/1997,Unknown,Site C,1349.5,mg/dL,
S0040,M. Brown,04/17/2018,Male,Site C,145.9,mg/dL,
S0041,M. Garcia,06/21/2008,Male,Site A,221.1,mg/dL,
S0042,K. Nguyen,01/20/1965,Male,Site A,174.2,mg/dL,
S0043,M. Garcia,04/10/2006,Female,,223.1,mg/dL,
S0044,R. Garcia,08/12/1980,Unknown,Site A,148.0,mg/dL,
S0045,S. Martinez,04/13/1998,Unknown,Site C,176.6,mg/dL,
S0046,M. Brown,12/12/2009,Unknown,Site C,2315.3,mg/dL,
S0047,S. Davis,02/21/1967,Female,Site B,169.9,mg/dL,
S0048,B. Nguyen,01/24/2012,Male,,155.2,mg/dL,
S0049,S. Nguyen,10/28/1960,Female,Site B,241.2,mg/dL,
S0050,S. Garcia,07/30/1976,Female,Site A,197.4,mg/dL,
S0051,J. Brown,02/06/1951,Unknown,,103.2,mg/dL,
S0052,K. Garcia,08/02/2011,Male,Site B,240.8,mg/dL,
S0053,M. Davis,09/20/1989,Unknown,Site B,80.8,mg/dL,
S0054,J. Patel,09/25/1956,Male,Site C,176.9,mg/dL,re-draw requested
S0055,B. Patel,01/28/2006,Unknown,Site A,186.6,mg/dL,
S0056,S. Brown,10/14/2011,Unknown,Site B,,mg/dL,
S0057,R. Martinez,03/12/1958,Male,Site C,217.9,mg/dL,
S0058,S. Lee,08/02/1989,Female,Site B,130.0,mg/dL,
S0059,T. Davis,11/25/1957,Male,Site C,142.8,mg/dL,
S0060,R. Martinez,09/02/2006,Male,Site B,93.6,mg/dL,
